FTLX8574D3BCL;https://www2.mouser.com/ProductDetail/II-VI-Finisar/FTLX8574D3BCL?qs=Z7P4xsdcg2JpZlqt5GWutw%3D%3D
FTLF1432P3BCV;https://www2.mouser.com/ProductDetail/II-VI-Finisar/FTLF1432P3BCV?qs=XQXp6f9AQWBAvtIWXgjnfg%3D%3D
FTLC1154SDPL;https://www2.mouser.com/ProductDetail/II-VI-Finisar/FTLC1154SDPL?qs=r5DSvlrkXmIPEMwEiCW4qA%3D%3D
FCLF8522P2BTL;https://www2.mouser.com/ProductDetail/II-VI-Finisar/FCLF8522P2BTL?qs=D%252B6gCNt%2Fg2CJwT%2FSIFm5IA%3D%3D
FTLX1370W4BTL;https://www2.mouser.com/ProductDetail/II-VI-Finisar/FTLX1370W4BTL?qs=Mv7BduZupUhLsHf0ATfqKg%3D%3D
FTLX8574D3BCV;https://www2.mouser.com/ProductDetail/II-VI-Finisar/FTLX8574D3BCV?qs=Z7P4xsdcg2LXA9Taya2BaA%3D%3D
FTLF1318P3BTL;https://www2.mouser.com/ProductDetail/II-VI-Finisar/FTLF1318P3BTL?qs=D%252B6gCNt%2Fg2C91cko4IuSEQ%3D%3D
FTCD3312M1BCL;https://www2.mouser.com/ProductDetail/II-VI-Finisar/FTCD3312M1BCL?qs=IS%252B4QmGtzzqkKNBrUf73mg%3D%3D
FTLC1156RDPL;https://www2.mouser.com/ProductDetail/II-VI-Finisar/FTLC1156RDPL?qs=MyNHzdoqoQIp8aZ6DY72Hg%3D%3D
FTLX8574D3BCLFTN;Not found
